[
  {
    "name": "book1",
    "author": "Marcel proust",
    "sold_count": 12
  },
  {
    "name": "book2",
    "author": "James joyce",
    "sold_count": 31
  },
  {
    "name": "book3",
    "author": "Miguel de Cervantes",
    "sold_count": 17
  },
  {
    "name": "book3",
    "author": "F. Scott Fitzgerald",
    "sold_count": 25
  },
  {
    "name": "book4",
    "author": "Gabriel Garcia Marquez",
    "sold_count": 18
  },
  {
    "name": "book5",
    "author": "Herman Melville",
    "sold_count": 29
  },
  {
    "name": "book6",
    "author": "Leo Tolstoy",
    "sold_count": 14
  }
]
